Gene	Chromosome ID	SNP-Risk Allele
FADS2	11	rs174548-G, rs174547-T, rs174546-T, rs174546-C, rs174547-C, rs174570-G, rs174601-T, rs174541-T, rs174549-A, rs1535-G, rs174546-A, rs174550-T, rs174583-T, rs174556-T, rs28456-G, rs174584-A, rs174592-G, rs174564-G, rs174594-A, rs174560-C, rs2727271-T, rs174566-G, rs174574-C, rs174580-G, rs174567-G, rs2072114-G, rs174544-A, rs174562-G, rs174568-T, rs5792235-C, rs174581-A, rs97384-C, rs99780-T, rs174576-A, rs3834458-C, rs174578-A, rs968567-T, rs174557-G, rs174554-G, rs174545-G, rs57668028-G, rs35473591-CT, rs174559-A, rs174541-C, rs174561-C, rs7394579-G, rs1535-A, rs174565-C, rs174551-T, rs4246215-T, rs174448-A, rs174574-A, rs174577-A, rs174549-G, rs174554-A, rs2845573-A, rs2526678-A, rs2851682-A, rs174570-T, rs174449-A, rs422249-T, rs174575-C, rs174577-C, rs174578-T, rs174548-C, rs174555-T, rs174545-C, rs2072114-A, rs2524299-A, rs2727270-T, rs2727271-A, rs174570-C, rs968567-C, rs2072113-T, rs138194593-CTCTT, rs174566-A, rs174564-A, rs174594-C, rs28456-A, rs174592-A, rs7935946-T, rs12577276-G, rs472031-A, rs7481842-T, rs174572-T, rs174550-C, rs174591-A, rs174609-C, rs174611-C, rs61897793-A, rs174576-C, rs174577-G, rs174580-A, rs174581-G, rs174583-G, rs1535-T, rs174544-C, rs174545-A, rs174547-A, rs174548-A, rs174549-C, rs174550-G, rs174551-A, rs174553-A, rs174554-C, rs174555-C, rs174556-G, rs174559-C, rs174560-A, rs174561-T, rs174564-C, rs174566-T, rs174567-A, rs174568-A, rs174572-C, rs174573-C, rs174574-G, rs174576-G, rs174578-C, rs174579-G, rs174580-C, rs174582-T, rs174583-C, rs174585-T, rs2072113-G, rs2072114-C, rs2524296-A, rs174549-T, rs174553-G, rs174555-G, rs174556-C, rs174559-T, rs174560-G, rs174562-C, rs174564-T, rs174565-G, rs174567-C, rs174572-G, rs174551-C, rs174553-C, rs174566-C, rs174568-G, rs174573-T, rs174574-T, rs174575-T, rs174581-T, rs2524299-C, rs28456-T, rs99780-G, rs174544-G, rs174544-T, rs174545-T, rs174546-G, rs174547-G, rs61897795-C, rs1535-C, rs174582-C, rs174605-A, rs174608-C, rs174611-G, rs28456-C, rs174578-G, rs174579-T, rs174581-C, rs174607-C, rs174608-G, rs2072114-T, rs2524296-C, rs2524299-T, rs2526680-T, rs2727263-A, rs2727265-C, rs2845572-A, rs2845573-G, rs2845574-C, rs2851682-G, rs4564341-G, rs61897793-T, rs61897795-G, rs174582-G, rs174561-A, rs174562-T, rs174573-G, rs174579-C, rs174554-T, rs174572-A, rs61897793-C, rs174573-A, rs174575-G, rs174577-T, rs174580-T, rs2072113-A, rs2524299-G, rs2526680-C, rs2727265-G, rs2727270-G, rs2727271-G, rs2845574-A, rs99780-C, rs174551-G, rs174555-A, rs174562-A, rs174565-T, rs2727265-T, rs2845573-C, rs4564341-A, rs968567-A, rs174559-G, rs174561-G, rs174565-A, rs174569-G, rs174556-A, rs174585-A, rs2727263-G, rs2727265-A, rs2845572-C, rs2851682-C, rs4564341-T, rs10897180-G, rs10897181-A, rs11230803-G, rs11230807-G, rs11230816-G, rs11230817-A, rs113003506-G, rs113268188-C, rs11601892-C, rs116878346-A, rs116980792-A, rs117220229-A, rs117553420-G, rs12361868-C, rs17156426-C, rs2727270-C, rs2845574-G, rs61897793-G, rs6591663-T, rs695867-G, rs174575-A, rs174585-C, rs174605-G, rs174608-T, rs174611-T, rs17831757-T, rs174567-T, rs174568-C, rs174582-A, rs174583-A, rs7104849-C, rs7394459-T, rs7481842-G, rs7482316-A, rs75810419-A, rs75992720-C, rs76498378-C, rs77020029-G, rs77167250-A, rs78596000-A, rs79479642-T, rs79976480-G, rs174553-T, rs174569-C, rs174570-A, rs117983270-C, rs2526680-A, rs2727263-T, rs174569-A, rs174576-T, rs17831757-A, rs61897795-A, rs2845574-T, rs4564341-C, rs174550-A, rs117220229-T, rs174560-T, rs968567-G, rs99780-A, rs2524296-T, rs2727271-C, rs2851682-T, rs174605-C, rs174608-A, rs2524296-G, rs2727270-A, rs2845573-T, rs2526680-G, rs79976480-C, rs10897181-G, rs174579-A, rs174611-A, rs2845572-T, rs2072113-C, rs174548-T, rs174569-T, rs117553420-C, rs17156426-G, rs7481842-C, rs174585-G, rs2845572-G, rs174607-G, rs174605-T, rs174607-A, rs79976480-T, rs174621-G, rs4246215-G, rs174599-C, rs2727263-C, rs174600-T, rs17831757-G, rs174601-C, rs751229834-C, rs72643559-C, rs526126-C, rs174584-G, rs35473591-C, rs174621-A, rs774882452-C, rs97384-T, rs174604-G, rs34212714-CA, rs7394459-C, rs7104849-G, rs3168072-T, rs78596000-C, rs139957766-A, rs61897792-T, rs7118175-T, rs174602-C, rs73487492-G, rs193250731-G, rs11539526-T, rs562172-T, rs77167250-T, rs113003506-T, rs17764288-A, rs117702910-G, rs174598-A, rs113268188-G, rs138012803-A, rs174597-C, rs75938339-C, rs7928482-A, rs174626-A, rs188370817-A, rs11605884-C, rs75992720-G, rs80349011-A, rs174557-A, rs422249-C, rs12226877-A, rs72643557-T, rs751229834-D, rs138766446-I, rs5792235-CA, rs7394579-A, rs57668028-GAA, rs3834458-CT, rs73487492-A, rs482548-T, rs781624780-AT, rs5792239-C, rs200202925-AT, rs174602-T, rs7482316-G, rs76498378-A, rs75471190-G, rs174449-G, rs174612-G, rs115588270-G, rs174627-A, rs553607093-T, rs188700427-A, rs533304276-G, rs174600-C, rs369746205-CG, rs397705608-CA, rs77466626-C, rs199977718-C, rs174618-C, rs174590-C, rs183843574-G, rs174596-C
FADS1	11	rs174548-G, rs174547-T, rs174546-T, rs174546-C, rs174547-C, rs174549-A, rs174546-A, rs174550-T, rs174556-T, rs28456-G, rs174564-G, rs174560-C, rs174566-G, rs174567-G, rs174544-A, rs174562-G, rs174568-T, rs5792235-C, rs99780-T, rs3834458-C, rs968567-T, rs174557-G, rs174554-G, rs174545-G, rs57668028-G, rs35473591-CT, rs174559-A, rs174561-C, rs7394579-G, rs174565-C, rs174551-T, rs174549-G, rs174554-A, rs174548-C, rs174555-T, rs174545-C, rs968567-C, rs174566-A, rs174564-A, rs28456-A, rs174550-C, rs174544-C, rs174545-A, rs174547-A, rs174548-A, rs174549-C, rs174550-G, rs174551-A, rs174553-A, rs174554-C, rs174555-C, rs174556-G, rs174559-C, rs174560-A, rs174561-T, rs174564-C, rs174566-T, rs174567-A, rs174568-A, rs174549-T, rs174553-G, rs174555-G, rs174556-C, rs174559-T, rs174560-G, rs174562-C, rs174564-T, rs174565-G, rs174567-C, rs174551-C, rs174553-C, rs174566-C, rs174568-G, rs28456-T, rs99780-G, rs174544-G, rs174544-T, rs174545-T, rs174546-G, rs174547-G, rs28456-C, rs4564341-G, rs174561-A, rs174562-T, rs174554-T, rs99780-C, rs174551-G, rs174555-A, rs174562-A, rs174565-T, rs4564341-A, rs968567-A, rs174559-G, rs174561-G, rs174565-A, rs174569-G, rs174556-A, rs4564341-T, rs116878346-A, rs116980792-A, rs12361868-C, rs174567-T, rs174568-C, rs75810419-A, rs174553-T, rs174569-C, rs174569-A, rs4564341-C, rs174550-A, rs174560-T, rs968567-G, rs99780-A, rs174548-T, rs174569-T, rs751229834-C, rs35473591-C, rs774882452-C, rs61897792-T, rs193250731-G, rs138012803-A, rs75938339-C, rs188370817-A, rs174557-A, rs12226877-A, rs72643557-T, rs751229834-D, rs5792235-CA, rs7394579-A, rs57668028-GAA, rs3834458-CT, rs781624780-AT, rs369746205-CG, rs199977718-C, rs183843574-G
ALDH1A2	15	rs261334-G, rs1800588-T, rs2043085-A, rs10468017-C, rs4775041-C, rs1532085-G, rs1532085-A, rs8034802-A, rs493258-C, rs10468017-T, rs920915-C, rs539901-G, rs11857380-C, rs1077834-T, rs16940212-T, rs1077835-A, rs2414577-C, rs7350789-A, rs261290-C, rs1077835-G, rs261342-C, rs261291-C, rs1601935-G, rs113870173-A, rs146071159-C, rs12914626-C, rs3784262-A, rs2043085-T, rs3204689-C, rs566767-A, rs2043082-A, rs1601933-C, rs1318175-C, rs11632618-G, rs11631178-T, rs1800588-C, rs1601934-G, rs4775033-A, rs10438284-A, rs261290-T, rs473224-T, rs10162642-G, rs261332-T, rs261336-C, rs7161799-T, rs2070895-G, rs2070895-A, rs261332-A, rs934297-A, rs4646614-A, rs7170896-A, rs72740841-T, rs117386336-T, rs78936960-A, rs79612456-G, rs76970180-T, rs79419121-C, rs35684611-G, rs35138338-T, rs534933-A, rs11855284-C, rs35511894-T, rs4775031-A, rs1373655-T, rs375372-G, rs11632618-A, rs1444940-G, rs935213-T, rs17269250-G, rs75525508-A, rs16940302-T, rs75672055-G, rs117966452-C, rs113629348-T, rs117261396-G, rs12912626-C, rs77803341-A, rs55995747-G, rs7177289-C, rs11631178-C, rs588136-C, rs4775006-A, rs76472879-A, rs55939729-C, rs261334-C, rs2899611-T, rs2899611-G, rs1077834-A, rs11853674-C, rs12905732-T, rs1532085-T, rs2043084-A, rs2043085-G, rs2070895-T, rs1077834-C, rs1077835-C, rs12905732-A, rs1077835-T, rs11858481-C, rs11858759-A, rs12905732-G, rs12906722-T, rs16940204-A, rs2043084-T, rs261332-G, rs261341-G, rs261342-G, rs28690720-A, rs35128881-T, rs35853021-C, rs4775041-T, rs485538-T, rs485671-G, rs56142310-C, rs573922-T, rs58038553-T, rs62001736-T, rs633695-G, rs7171102-G, rs72739147-A, rs80123226-C, rs8033940-A, rs35853021-T, rs16940174-A, rs493258-T, rs17240869-C, rs17821316-A, rs11857386-G, rs261336-G, rs11858164-T, rs261290-A, rs261298-A, rs261299-G, rs261342-A, rs415799-T, rs443401-C, rs4775044-G, rs588136-T, rs8033940-G, rs8034802-T, rs261290-G, rs261332-C, rs261338-A, rs261341-A, rs443401-G, rs4775044-C, rs485538-C, rs485671-A, rs534933-T, rs573922-G, rs588136-G, rs633695-A, rs8034802-G, rs1077834-G, rs11071371-C, rs11855284-T, rs11857386-C, rs11858481-G, rs11858759-C, rs12440032-A, rs12905732-C, rs12906722-G, rs1318175-G, rs16940017-G, rs2043084-G, rs261298-C, rs261299-T, rs261333-C, rs261338-G, rs261341-C, rs35853021-G, rs415799-C, rs485538-G, rs485671-C, rs488490-A, rs534933-G, rs56142310-G, rs58038553-G, rs588136-A, rs59999923-A, rs633695-T, rs6494005-C, rs7164909-C, rs7171102-A, rs8034802-C, rs62000869-G, rs375372-T, rs1122208-C, rs11853431-A, rs79341002-G, rs11854656-C, rs28690720-G, rs443401-A, rs473224-A, rs4775041-G, rs4775044-T, rs488490-T, rs55966152-C, rs2043085-C, rs261298-T, rs261299-A, rs11858759-G, rs8033940-C, rs11071371-A, rs11853674-G, rs11858481-A, rs12440032-G, rs16940204-G, rs8040386-C, rs8042174-A, rs11071371-G, rs1123294-A, rs11853674-T, rs11855284-A, rs11856159-C, rs11858759-T, rs12440032-T, rs12440217-C, rs12906722-A, rs150364420-G, rs1532085-C, rs17190510-G, rs17240876-A, rs17821310-G, rs2070895-C, rs261298-G, rs261333-A, rs28690720-C, rs35128881-A, rs35853021-A, rs4238329-C, rs473224-C, rs488490-G, rs493258-G, rs500590-G, rs55760919-C, rs55966152-A, rs62000939-T, rs62001667-T, rs62001668-T, rs62001669-T, rs62001736-G, rs6494005-T, rs7165301-C, rs72739147-C, rs80123226-T, rs55700245-C, rs55966152-G, rs56195705-G, rs56249653-G, rs56314708-A, rs573922-A, rs58038553-A, rs59999923-C, rs62000518-T, rs62001667-C, rs62001669-G, rs62001736-C, rs633695-C, rs6494005-A, rs7164909-G, rs7165301-G, rs7182541-G, rs75663614-C, rs72740858-G, rs35768119-C, rs4775041-A, rs485671-T, rs80123226-G, rs8042174-T, rs8192701-C, rs12900622-C, rs79787170-G, rs62001668-C, rs62001669-C, rs7165301-T, rs7171102-C, rs72739147-G, rs8042174-C, rs1037040-C, rs1123294-C, rs11629736-A, rs2099190-A, rs35128881-G, rs4238329-T, rs4775044-A, rs485538-A, rs500590-C, rs11637094-C, rs11855002-C, rs11858481-T, rs12440217-G, rs12906722-C, rs1318175-A, rs1373660-C, rs17240876-G, rs17821220-C, rs17821226-G, rs17821310-A, rs1816879-T, rs187774-A, rs2043084-C, rs10152355-C, rs11071366-A, rs2119859-T, rs10851632-A, rs2280195-A, rs2218260-T, rs7350789-G, rs261291-T, rs261316-T, rs13329672-C, rs12148399-T, rs2704201-C, rs66725070-GACAT, rs2464469-G, rs111720458-T, rs114831632-A, rs140526800-T, rs4471613-A, rs115942227-A, rs149074315-C, rs148246786-C, rs7164035-A, rs145330511-T, rs140949321-A, rs12902119-T; rs12900891-A; rs10518977-C; rs17190566-A; rs6494009-G; rs12591624-C; rs10518978-C; rs7182229-G; rs17190580-C, rs78042482-A, rs11071383-C, rs11854318-A, rs7177289-T, rs1973688-T, rs71478642-C, rs4646605-A, rs1973688-C, rs112165725-T, rs28607776-A, rs111529807-G, rs35980001-G, rs149877054-C, rs56050415-T, rs2414577-T, rs76438892-A, rs11631342-A, rs1711035-T, rs174418-T, rs11854242-T, rs10162642-A, rs77732800-G, rs1318175-T, rs4775033-T, rs1601933-T, rs11071373-G, rs261265-A, rs1560390-C, rs488490-C, rs12908761-G, rs72739147-T, rs13329672-T, rs16940017-A, rs1601935-T, rs174418-C, rs12708454-C, rs12904367-A, rs17820894-G, rs17240566-A, rs4774291-A, rs938509-T, rs147703470-T, rs445093-T, rs11071374-T, rs117486534-A, rs117901517-T, rs118078695-A, rs78893833-A, rs17269250-T, rs573784-C, rs6493996-T, rs8043310-A, rs79119207-A, rs79787170-A, rs62001835-T, rs12917145-C, rs62001736-A, rs182006-A, rs12898210-G, rs12915508-A, rs1372369-T, rs147161747-T, rs573922-C, rs17821322-C, rs17821310-C, rs62001668-G, rs62001677-T, rs12912371-C, rs17240832-G, rs8023503-T, rs4775039-G, rs8026082-G, rs17821298-A, rs2899623-C, rs17821274-C, rs62000866-A, rs74018729-A, rs78893833-G, rs117901517-C, rs74338752-G, rs490098-A, rs12907378-A, rs182607669-A, rs55760919-G, rs2899624-G, rs117880004-G, rs61182920-T, rs515889-C, rs11071382-A, rs8192701-T, rs572410-C, rs190182262-A, rs12148399-A, rs397923-T, rs117486534-C, rs79447951-G, rs440183-A, rs35588604-G, rs139566989-C, rs11854318-G, rs753768034-G, rs143813437-G, rs112242520-A, rs7170361-T, rs261337-T, rs11854242-C, rs186791139-A, rs6493996-C, rs796677417-GA, rs34945403-A, rs117860563-A, rs4646623-T, rs33960206-C, rs491242-C, rs11856239-C, rs1601934-A, rs7179728-C, rs74019436-C, rs117338748-A, rs17240160-A, rs11638256-C, rs7182229-T, rs2043082-G, rs191487796-C, rs11635981-C, rs11857461-T, rs4646642-A, rs16940308-G, rs79339437-T, rs11071365-A, rs10851633-T, rs2704218-A, rs35980001-GC, rs116888099-C, rs2414578-T, rs80123226-A, rs35028949-T, rs11402457-C, rs72740878-G, rs55995747-C, rs723967-T, rs555096714-G, rs11635491-A, rs72737411-A, rs146458927-T, rs34663616-A, rs28690720-T, rs1711041-T, rs34990794-T, rs410251-T, rs12912371-T, rs17301746-T, rs73420594-T, rs402465-T, rs79419121-T, rs62001848-A, rs139566989-CGCTGCTCCAAAGAGCAGCT, rs35609148-GT, rs2704190-T, rs16940262-C, rs77828167-T, rs78177848-T, rs60315394-T, rs12910051-G, rs189659025-A, rs76516334-C, rs112516541-C, rs2899618-G, rs422137-A, rs550356719-A, rs493987-T, rs12185071-T, rs7165077-T, rs11071380-A, rs141399384-A, rs113062078-G, rs71116564-CGCTGCTCCAAAGAGCAGCT, rs1560390-T, rs77830706-A, rs34829124-A, rs11631127-C, rs12900815-T, rs7161799-C, rs76898656-A, rs3784254-T, rs4775005-A, rs12324197-C, rs796677417-G, rs56050415-C, rs12442073-A, rs550028412-C, rs147146149-G, rs147700855-A, rs148137702-CTCCA, rs150189353-C, rs261337-C, rs189452693-C, rs191216524-C, rs191702192-T, rs116869421-C, rs17821056-A, rs187776-C, rs192828174-T, rs28607776-G, rs35300429-CT, rs186800534-G, rs117251001-G, rs143102005-G, rs144415073-A, rs145830099-A, rs12900738-A, rs138611943-C, rs547990171-C, rs553738327-T, rs567838-A, rs56922332-A, rs62001840-C, rs532304547-G, rs183394800-G, rs16940011-G, rs572410-G, rs753768034-GT, rs2414578-C, rs10152355-A, rs113194763-A
SARM1	17	rs7212510-A, rs704-A, rs704-G, rs2071379-A, rs2027993-G, rs967645-C, rs4794828-G, rs4795434-G, rs9894260-T, rs6505079-A, rs4795433-T, rs967645-T, rs2239910-A, rs2239908-G, rs4795434-T, rs2227723-T, rs2239908-A, rs8081240-T, rs35495893-GT, rs2027993-T, rs34879232-G, rs4795430-A, rs35648626-C, rs11444944-TA, rs2269741-A, rs560552975-TA, rs17719944-G
TMEM258	11	rs102275-C, rs102275-T, rs174536-C, rs102274-C, rs7943728-A, rs174528-C, rs11320420-G, rs174533-A, rs174537-T, rs174530-G, rs174536-A, rs174533-G, rs174538-A, rs174535-T, rs174529-T, rs174529-C, rs174534-G, rs174528-T, rs509360-G, rs174534-A, rs108499-T, rs509360-A, rs174537-A, rs174537-G, rs174532-A, rs412334-T, rs174535-C, rs509360-C, rs102274-G, rs102275-G, rs174530-C, rs174533-C, rs174535-G, rs174536-G, rs174537-C, rs174538-T, rs174534-T, rs174538-G, rs102274-T, rs174534-C, rs174536-T, rs174538-C, rs174530-T, rs174533-T, rs61896141-C, rs7943728-C, rs61896141-G, rs102274-A, rs102275-A, rs174530-A, rs72920160-C, rs7943728-T, rs61896141-A, rs509360-T, rs117110139-A, rs174535-A, rs61896141-T, rs75158668-T, rs17762402-A, rs628993-A, rs2269928-G, rs149804-G, rs117301449-A, rs740006-C, rs579383-A, rs650436-T, rs7102974-T, rs148999057-T, rs11320420-GA, rs740006-T, rs1219849860-G, rs2269928-T, rs149803-C, rs7943728-G, rs400462-C
GCKR	2	rs1260333-C, rs780094-T, rs780093-T, rs780093-A, rs1260326-T, rs780094-G, rs1260326-C, rs780094-A, rs780092-G, rs780094-C, rs1260326-A, rs780092-A, rs3817588-C, rs780096-C, rs185580150-G, rs780093-C, rs1260333-A, rs11127048-A, rs10181342-G, rs3817588-T, rs71441083-A, rs6547692-A, rs780095-G, rs2950835-A, rs780093-G, rs1260334-A, rs6547692-G, rs57634090-CTT, rs11127048-G, rs1260326-G, rs4665985-C, rs11336847-A, rs814295-A, rs373060500-A, rs116361102-A, rs141428740-A, rs2911711-T, rs1313566-G, rs62131877-C, rs141306206-D, rs114539181-G, rs114747981-C, rs74928908-G, rs10549495-C, rs6753534-C, rs8179252-C, rs2950835-G, rs6753534-T, rs8179236-G, rs780096-G, rs814295-G, rs1260333-G, rs1313566-A, rs2911711-A, rs4665985-A, rs780095-A, rs8179242-T, rs79111922-T, rs111882222-T, rs74450311-C, rs4665987-A, rs6744393-T, rs145819220-G
ABO	9	rs657152-T, rs651007-T, rs635634-T, rs579459-C, rs649129-T, rs579459-T, rs505922-C, rs495828-T, rs8176719-G, rs2519093-A, rs657152-A, rs507666-A, rs687621-G, rs657152-G, rs507666-G, rs8176746-T, rs687621-A, rs651007-A, rs8176749-T, rs514659-C, rs495828-A, rs8176704-A, rs687289-A; rs8176749-C; rs8176704-G, rs687289-T, rs687289-G; rs8176749-C; rs8176704-G, rs687289-A; rs8176749-T; rs8176704-G, rs651007-C, rs8176743-C, rs505922-T, rs643434-G, rs612169-G, rs492488-G, rs8176644-T, rs587729126-GCGCCCACCACTA, rs550057-C, rs657152-C, rs687289-G, rs8176749-C, rs529565-C, rs633862-A, rs644234-G, rs550057-T, rs635634-C, rs2519093-T, rs8176645-A, rs9411489-T, rs8176722-A, rs8176693-T, rs643434-A, rs8176720-C, rs7025162-A, rs8176743-T, rs2519093-C, rs600038-C, rs8176693-C, rs8176741-G, rs532436-A, rs10793962-A, rs532436-G, rs115478735-A, rs8176662-A, rs8176720-T, rs12216891-C, rs10901252-C, rs56392308-C, rs9411377-A, rs687289-A, rs676996-T, rs79343853-C, rs8176741-A, rs1053878-A, rs9411378-A, rs2769071-G, rs75179845-C, rs187337228-A, rs587729126-G, rs10901251-C, rs8176672-T, rs581107-T, rs514659-A, rs13291798-A, rs544873-A, rs1633513-C, rs182267720-T, rs612169-A, rs176694-T, rs9411377-C, rs10901252-G, rs41302905-T, rs494242-C, rs582094-T, rs200478325-AT, rs144458168-C, rs7849280-G, rs2769071-A, rs649129-C, rs116552240-A, rs8176759-A, rs587611953-A, rs149037075-T, rs8176747-G, rs8176643-A, rs8176685-G, rs8176671-C, rs71503180-A, rs55727303-T, rs55876802-A, rs8176696-T, rs11244049-T, rs912805253-T, rs529565-T, rs558240-G, rs947073006-G, rs8176719-TC, rs9411378-C, rs9919007-C, rs8176719-T, rs75179845-T, rs139840563-T, rs77693339-C, rs8176645-T, rs115478735-T, rs950529388-A, rs576125-A, rs8176751-T, rs8176747-C, rs597974-A, rs13292932-A, rs8176671-A, rs1137827-T, rs12554339-A, rs7030248-A, rs140818624-A, rs879055593-T, rs7853989-C, rs630510-A, rs7857390-A, rs495828-G, rs187099314-T, rs782134971-GAAACTGCC, rs12216891-T, rs11244065-T, rs977371848-C, rs879055593-C, rs992108547-G, rs587611953-C, rs677355-A, rs782134971-G, rs8176746-G, rs676996-G, rs8176759-G, rs495203-C, rs9411463-T, rs600038-T, rs920065566-T, rs8176685-GCGCCCACCACTA, rs12554580-C, rs8176635-A, rs140032935-G, rs10793962-T, rs676457-T, rs35230453-C, rs11244061-C, rs9411475-T, rs8176715-T, rs9411476-G, rs782095625-CA, rs11244061-T, rs145526382-T, rs4962116-A, rs554833-T, rs8176681-C, rs676457-A, rs1381383189-G, rs73660468-A, rs7873635-T, rs9411476-A, rs176694-G, rs147278971-C, rs992108547-A, rs176696-C, rs8176690-G, rs633862-C, rs2073824-G, rs8176725-A, rs60585338-T, rs78755596-A, rs1927311-T, rs141638449-T, rs60563410-CCT, rs10901257-A, rs7045111-A, rs12683493-T, rs8176694-C, rs188658949-T, rs558240-A, rs8176672-C, rs8176722-C, rs527210-T, rs76700116-C, rs13291798-G, rs545971-T, rs10901250-A, rs13299342-A, rs187099314-C, rs587707823-A, rs597974-G, rs8176638-T, rs138683771-C, rs587600964-G, rs72775457-A, rs78590974-T, rs142599019-A, rs142956930-G, rs145664070-TCTAA, rs68032997-C, rs7852396-A, rs8176630-T, rs543040-T, rs28850884-C, rs117308290-A, rs557317-A, rs7025162-T, rs782095625-C, rs112134200-G, rs116851371-C, rs117450807-T, rs8176760-A, rs188881621-G, rs34085694-G, rs4962110-G, rs141472448-A, rs148987354-A, rs372184061-T, rs11244049-C, rs587601804-G, rs609202-T, rs8176761-C, rs8176766-C, rs112565602-A, rs74921353-T, rs782819119-A, rs144275764-T, rs512770-G, rs112785592-T, rs62574614-T, rs118187921-A, rs137987574-A, rs138324168-A, rs146174278-A, rs149899707-T, rs150593209-T, rs182735542-A, rs191325486-A, rs566529676-CA, rs782455289-T, rs597988-A, rs34039247-C, rs9411493-G, rs35698328-T, rs55988407-A, rs62574607-C, rs146582653-C, rs138374634-A, rs148031614-C, rs9411365-G, rs11793768-A, rs55686135-T, rs66697526-T, rs11789207-A, rs10901256-C, rs147375567-G, rs13301148-T, rs72775410-A, rs8176707-T, rs8176739-A, rs8176688-T, rs36058710-CT, rs9411464-T, rs8176686-C, rs8176632-T, rs528127806-GGCTGCAGTCGTGTGTCTGA, rs587660387-G, rs7469199-G
APOE	19	rs439401-C, rs769449-A, rs439401-T, rs439401-G, rs445925-T, rs7412-T, rs429358-C, rs7412-C, rs429358-T, rs769452-C, rs1081105-C, rs445925-A, rs75627662-T, rs445925-G, rs1065853-G, rs438811-T, rs483082-T, rs769449-G, rs72654472-G, rs1065853-T, rs483082-G, rs440446-G, rs449647-A, rs429358 -T, rs10414043-A, rs72654473-A, rs138235833-G, rs769450-A, rs584007-G, rs72654472-T, rs72654437-A, rs769448-T, rs7256200-T, rs405509-T, rs584007-A, rs483082-A, rs7412--T, rs7259620-G, rs769450-G, rs115299243-A, rs438811-C, rs769455-C, rs769283491-G, rs440446-C, rs449647-T, rs405509-G, rs10414043-G, rs7256200-G, rs1081105-A, rs59325138-T, rs75627662-C, rs390082-G, rs769455-T, rs769446-T, rs390082-T, rs376097536-G, rs769452-T, rs367866106-C, rs72654445-G, rs72654473-C, rs59325138-C, rs72654445-A, rs769451-G, rs769446-C
VTN	17	rs704-A, rs704-G, rs2071379-A, rs2227723-T
ZPR1	11	rs964184-G, rs6589566-G, rs2075290-C, rs11823543-A, rs12286037-C, rs12286037-T, rs2160669-G, rs3741298-G, rs603446-T, rs964184-C, rs6589566-C, rs2160669-T, rs35120633-A, rs142958146-A, rs140390701-T, rs2075290-G, rs2160669-A, rs3741298-A, rs7483863-G, rs10750096-G, rs11604424-G, rs3741298-T, rs2160669-C, rs7483863-T, rs2075290-T, rs10750096-T, rs1942478-A, rs4417316-C, rs964184-T, rs11604424-C, rs10750096-A, rs7483863-A, rs11216135-T, rs11602073-T, rs2075290-A, rs964184-A, rs10750096-C, rs1942478-C, rs4417316-T, rs11604424-A, rs1942478-T, rs11216135-G, rs11604424-T, rs3741298-C, rs7483863-C, rs4417316-G, rs3825041-T; rs964184-G; rs1558861-C, rs12274192-G, rs61905116-G, rs11216135-C, rs11602073-C, rs11216136-T, rs75198898-G, rs113932726-C, rs34248274-CTAGT, rs6589566-A, rs603446-C, rs3741297-C, rs139636218-T, rs75198898-A, rs3741297-T, rs113271699-A, rs7118999-C, rs139636218-C, rs201399491-A
